{
  "split_original_treino2018_teste2022": {
    "LogReg": {
      "accuracy": 0.578125,
      "rps": 0.20185775424455404
    },
    "XGBoost": {
      "accuracy": 0.5,
      "rps": 0.21978609536664864
    },
    "LightGBM": {
      "accuracy": 0.5625,
      "rps": 0.203216428033717
    }
  },
  "split_invertido_treino2022_teste2018": {
    "LogReg": {
      "accuracy": 0.390625,
      "rps": 0.23576096193029963
    },
    "XGBoost": {
      "accuracy": 0.5,
      "rps": 0.22592443534663254
    },
    "LightGBM": {
      "accuracy": 0.59375,
      "rps": 0.203539141068562
    }
  },
  "kfold_5_estratificado": {
    "LogReg": {
      "accuracy_mean": 0.5076923076923077,
      "accuracy_std": 0.06508983323478823,
      "accuracies_por_fold": [
        0.5,
        0.5384615384615384,
        0.5,
        0.4,
        0.6
      ]
    },
    "XGBoost": {
      "accuracy_mean": 0.5473846153846154,
      "accuracy_std": 0.07994909623107493,
      "accuracies_por_fold": [
        0.6538461538461539,
        0.4230769230769231,
        0.5,
        0.6,
        0.56
      ]
    },
    "LightGBM": {
      "accuracy_mean": 0.5547692307692308,
      "accuracy_std": 0.029248577571239727,
      "accuracies_por_fold": [
        0.5384615384615384,
        0.5769230769230769,
        0.5384615384615384,
        0.52,
        0.6
      ]
    }
  },
  "metodologia": "Split original (treino=2018,teste=2022) vs invertido (treino=2022,teste=2018) e 5-fold estratificado sobre as 128 partidas combinadas — mesmo feature set/calibração (sigmoid) do dia10, para testar se o sinal de rank_diff/ranking generaliza nas duas direções ou é artefato do split fixo usado em todo o resto do projeto."
}